date,song
2026-05-13,After Everything
2026-05-13,A Thing That Happens
2026-05-13,Long Time to Wait
2026-05-13,Snow Outside
2026-05-13,Lying in the Hands of God
2026-05-13,Stay or Leave
2026-05-13,Rhyme & Reason
2026-05-13,Crash Into Me
2026-05-13,Raven
2026-05-13,Halloween
2026-05-13,That Girl Is You
2026-05-13,Again and Again
2026-05-13,Jimi Thing
2026-05-13,Help Myself
2026-05-13,John Wesley Powell
2026-05-13,Break Free
2026-05-13,Up and Away
2026-05-13,Recovered
2026-05-13,Ants Marching
2026-05-08,A Thing That Happens
2026-05-08,Virginia in the Rain
2026-05-08,Spoon
2026-05-08,Time Bomb
2026-05-08,I Did It
2026-05-08,Help Myself
2026-05-08,Once on a Wild Afternoon
2026-05-08,Snow Outside
2026-05-08,Looking for a Vein
2026-05-08,Satellite
2026-05-08,Rapunzel
2026-05-08,Counting the Stars
2026-05-08,Say Goodbye
2026-05-08,Up and Away
2026-05-08,The Dreaming Tree
2026-04-23,Halloween
2026-04-23,People People
2026-04-23,American Baby Intro
2026-04-23,Shotgun
2026-04-23,Ants Marching
2026-04-23,Idea of You
2026-04-23,MacHead
2026-04-23,The Only Thing
2026-04-23,Do You Remember
2026-04-23,Too Much
2026-04-23,Spaceman
2026-04-23,Death on the High Seas
2026-04-23,Time Bomb
2026-04-23,Get in Line
2026-04-23,Good Good Time
2026-04-23,Up and Away
2026-04-23,What Would You Say
2026-04-04,Where Are You Going
2026-04-04,Looking for a Vein
2026-04-04,Me and Her
2026-04-04,People People
2026-04-04,When the World Ends
2026-04-04,Too Much
2026-04-04,MacHead
2026-04-04,Callalilly
2026-04-04,All That I Wanted
2026-04-04,Long Time to Wait
2026-04-04,Making It Great
2026-04-04,Dreams of Our Fathers
2026-04-04,Blackjack
2026-04-04,Trouble With You
2026-04-04,Ants Marching
2026-03-26,Virginia in the Rain
2026-03-26,Singing From the Windows
2026-03-26,Bartender
2026-03-26,Idea of You
2026-03-26,Perfect World
2026-03-26,Hurricane
2026-03-26,Mother Father
2026-03-26,Let You Down
2026-03-26,She
2026-03-26,Pay for What You Get
2026-03-26,Proudest Monkey
2026-03-26,Satellite
2026-03-26,When I'm Weary
2026-03-26,Up and Away
2026-03-26,Richmond Jam
2026-03-26,Listen
2026-03-26,Ants Marching